{
  "Beverages": {
    "num_orders_x": 40480525.0,
    "venta": 7347303891.23,
    "pre_venta": 7856539315.39,
    "Ren": -509235424.16,
    "Vent_of": 2132747796.31,
    "b_ven_of": 2477503308.5
  },
  "Biryani": {
    "num_orders_x": 631848.0,
    "venta": 282258335.26,
    "pre_venta": 290162856.96,
    "Ren": -7904521.700000001,
    "Vent_of": 927660.4199999999,
    "b_ven_of": 992976.1699999999
  },
  "Desert": {
    "num_orders_x": 1940754.0,
    "venta": 820840980.92,
    "pre_venta": 906621089.93,
    "Ren": -85780109.01,
    "Vent_of": 221893517.48999998,
    "b_ven_of": 280492680.42
  },
  "Extras": {
    "num_orders_x": 3984979.0,
    "venta": 679012552.65,
    "pre_venta": 763648228.46,
    "Ren": -84635675.81,
    "Vent_of": 16508649.82,
    "b_ven_of": 19047564.66
  },
  "Fish": {
    "num_orders_x": 871959.0,
    "venta": 488638830.39,
    "pre_venta": 521262876.01,
    "Ren": -32624045.619999997,
    "Vent_of": 52963809.03,
    "b_ven_of": 74759438.23
  },
  "Other Snacks": {
    "num_orders_x": 4766293.0,
    "venta": 1209248401.74,
    "pre_venta": 1313469088.3,
    "Ren": -104220686.55999996,
    "Vent_of": 379945461.51,
    "b_ven_of": 440591902.09
  },
  "Pasta": {
    "num_orders_x": 1637744.0,
    "venta": 628530095.89,
    "pre_venta": 700655767.0,
    "Ren": -72125671.11,
    "Vent_of": 197935661.63,
    "b_ven_of": 242954618.15
  },
  "Pizza": {
    "num_orders_x": 7383720.0,
    "venta": 3955955845.37,
    "pre_venta": 4783892724.47,
    "Ren": -827936879.1,
    "Vent_of": 3415721484.0499997,
    "b_ven_of": 4618231942.51
  },
  "Rice Bowl": {
    "num_orders_x": 20874063.0,
    "venta": 5881531237.41,
    "pre_venta": 6781715471.61,
    "Ren": -900184234.2,
    "Vent_of": 2443534243.2,
    "b_ven_of": 3579603584.64
  },
  "Salad": {
    "num_orders_x": 10944336.0,
    "venta": 3032256462.86,
    "pre_venta": 3274239889.6,
    "Ren": -241983426.73999998,
    "Vent_of": 850281752.76,
    "b_ven_of": 1164630181.6599998
  },
  "Sandwich": {
    "num_orders_x": 17636782.0,
    "venta": 4663426849.81,
    "pre_venta": 5351605501.78,
    "Ren": -688178651.9699999,
    "Vent_of": 2590752293.57,
    "b_ven_of": 3585732824.15
  },
  "Seafood": {
    "num_orders_x": 2715714.0,
    "venta": 1447748836.66,
    "pre_venta": 1790119810.1200001,
    "Ren": -342370973.46000004,
    "Vent_of": 1059503234.86,
    "b_ven_of": 1552273464.77
  },
  "Soup": {
    "num_orders_x": 1039646.0,
    "venta": 226575512.13,
    "pre_venta": 235978731.12,
    "Ren": -9403218.989999998,
    "Vent_of": 16100321.040000001,
    "b_ven_of": 17727934.12
  },
  "Starters": {
    "num_orders_x": 4649122.0,
    "venta": 1259443207.79,
    "pre_venta": 1314040914.01,
    "Ren": -54597706.21999995,
    "Vent_of": 242677964.2,
    "b_ven_of": 315108751.0
  }
}
