{"num_orders_x": {"Beverages": 40480525, "Biryani": 631848, "Desert": 1940754, "Extras": 3984979, "Fish": 871959, "Other Snacks": 4766293, "Pasta": 1637744, "Pizza": 7383720, "Rice Bowl": 20874063, "Salad": 10944336, "Sandwich": 17636782, "Seafood": 2715714, "Soup": 1039646, "Starters": 4649122}, "venta": {"Beverages": 7347303891.23, "Biryani": 282258335.26, "Desert": 820840980.92, "Extras": 679012552.65, "Fish": 488638830.39, "Other Snacks": 1209248401.74, "Pasta": 628530095.89, "Pizza": 3955955845.37, "Rice Bowl": 5881531237.41, "Salad": 3032256462.86, "Sandwich": 4663426849.81, "Seafood": 1447748836.66, "Soup": 226575512.13, "Starters": 1259443207.79}, "pre_venta": {"Beverages": 7856539315.39, "Biryani": 290162856.96, "Desert": 906621089.93, "Extras": 763648228.46, "Fish": 521262876.01, "Other Snacks": 1313469088.3, "Pasta": 700655767.0, "Pizza": 4783892724.47, "Rice Bowl": 6781715471.61, "Salad": 3274239889.6, "Sandwich": 5351605501.78, "Seafood": 1790119810.1200001, "Soup": 235978731.12, "Starters": 1314040914.01}, "Ren": {"Beverages": -509235424.16, "Biryani": -7904521.700000001, "Desert": -85780109.01, "Extras": -84635675.81, "Fish": -32624045.619999997, "Other Snacks": -104220686.55999996, "Pasta": -72125671.11, "Pizza": -827936879.1, "Rice Bowl": -900184234.2, "Salad": -241983426.73999998, "Sandwich": -688178651.9699999, "Seafood": -342370973.46000004, "Soup": -9403218.989999998, "Starters": -54597706.21999995}, "Vent_of": {"Beverages": 2132747796.31, "Biryani": 927660.4199999999, "Desert": 221893517.48999998, "Extras": 16508649.82, "Fish": 52963809.03, "Other Snacks": 379945461.51, "Pasta": 197935661.63, "Pizza": 3415721484.0499997, "Rice Bowl": 2443534243.2, "Salad": 850281752.76, "Sandwich": 2590752293.57, "Seafood": 1059503234.86, "Soup": 16100321.040000001, "Starters": 242677964.2}, "b_ven_of": {"Beverages": 2477503308.5, "Biryani": 992976.1699999999, "Desert": 280492680.42, "Extras": 19047564.66, "Fish": 74759438.23, "Other Snacks": 440591902.09, "Pasta": 242954618.15, "Pizza": 4618231942.51, "Rice Bowl": 3579603584.64, "Salad": 1164630181.6599998, "Sandwich": 3585732824.15, "Seafood": 1552273464.77, "Soup": 17727934.12, "Starters": 315108751.0}}