{
  "10": {
    "num_orders_x": 3381018.0,
    "venta": 928778626.68,
    "pre_venta": 1031994131.53,
    "Ren": -103215504.85,
    "Vent_of": 316273234.33,
    "b_ven_of": 428441545.29
  },
  "11": {
    "num_orders_x": 2797300.0,
    "venta": 706450514.67,
    "pre_venta": 801342870.68,
    "Ren": -94892356.01,
    "Vent_of": 277078611.35,
    "b_ven_of": 389317311.56
  },
  "13": {
    "num_orders_x": 4296545.0,
    "venta": 1127045001.18,
    "pre_venta": 1251366033.96,
    "Ren": -124321032.78000002,
    "Vent_of": 436948140.38,
    "b_ven_of": 580348821.73
  },
  "14": {
    "num_orders_x": 1195108.0,
    "venta": 311537181.06,
    "pre_venta": 362189526.64,
    "Ren": -50652345.57999999,
    "Vent_of": 156148859.14,
    "b_ven_of": 215565965.64000002
  },
  "17": {
    "num_orders_x": 1218319.0,
    "venta": 322329740.77,
    "pre_venta": 367885056.68,
    "Ren": -45555315.91,
    "Vent_of": 129517587.38,
    "b_ven_of": 182202044.09
  },
  "20": {
    "num_orders_x": 1329112.0,
    "venta": 348418406.82,
    "pre_venta": 394879467.43,
    "Ren": -46461060.60999999,
    "Vent_of": 127420856.06,
    "b_ven_of": 178926868.81
  },
  "23": {
    "num_orders_x": 1609906.0,
    "venta": 427942405.48,
    "pre_venta": 493278642.03,
    "Ren": -65336236.55,
    "Vent_of": 218689546.54999998,
    "b_ven_of": 300616411.3
  },
  "24": {
    "num_orders_x": 1997535.0,
    "venta": 545663571.15,
    "pre_venta": 605142398.63,
    "Ren": -59478827.47999998,
    "Vent_of": 198961429.62,
    "b_ven_of": 269623997.21999997
  },
  "26": {
    "num_orders_x": 894009.0,
    "venta": 236646742.32999998,
    "pre_venta": 265423640.64,
    "Ren": -28776898.310000002,
    "Vent_of": 111157640.46,
    "b_ven_of": 149261870.33
  },
  "27": {
    "num_orders_x": 2297698.0,
    "venta": 586745208.15,
    "pre_venta": 663312634.75,
    "Ren": -76567426.6,
    "Vent_of": 287558835.65,
    "b_ven_of": 378065850.76
  },
  "29": {
    "num_orders_x": 1111585.0,
    "venta": 302211505.87,
    "pre_venta": 335055096.26,
    "Ren": -32843590.390000008,
    "Vent_of": 130283390.87,
    "b_ven_of": 169303859.14000002
  },
  "30": {
    "num_orders_x": 1812167.0,
    "venta": 475135912.55,
    "pre_venta": 547777692.24,
    "Ren": -72641779.68999998,
    "Vent_of": 231080104.95000002,
    "b_ven_of": 319478800.46
  },
  "32": {
    "num_orders_x": 1247195.0,
    "venta": 357327857.75,
    "pre_venta": 391687375.04,
    "Ren": -34359517.29000001,
    "Vent_of": 129783575.52,
    "b_ven_of": 170989114.41
  },
  "34": {
    "num_orders_x": 1178897.0,
    "venta": 339595087.42,
    "pre_venta": 370269936.09,
    "Ren": -30674848.670000006,
    "Vent_of": 121770832.7,
    "b_ven_of": 160218356.71
  },
  "36": {
    "num_orders_x": 1987250.0,
    "venta": 522942297.8,
    "pre_venta": 589648628.79,
    "Ren": -66706330.99,
    "Vent_of": 218347594.01,
    "b_ven_of": 298143476.82
  },
  "39": {
    "num_orders_x": 1202982.0,
    "venta": 334516163.43,
    "pre_venta": 370532749.64,
    "Ren": -36016586.21,
    "Vent_of": 141023389.66,
    "b_ven_of": 185109978.31
  },
  "41": {
    "num_orders_x": 497338.0,
    "venta": 152376516.76,
    "pre_venta": 171864914.84,
    "Ren": -19488398.08,
    "Vent_of": 50775246.94,
    "b_ven_of": 69958372.17
  },
  "42": {
    "num_orders_x": 1028714.0,
    "venta": 280687211.05,
    "pre_venta": 309026619.75,
    "Ren": -28339408.700000003,
    "Vent_of": 98626407.24,
    "b_ven_of": 131535860.71000001
  },
  "43": {
    "num_orders_x": 3920294.0,
    "venta": 986482146.32,
    "pre_venta": 1128065911.27,
    "Ren": -141583764.95,
    "Vent_of": 410910164.07,
    "b_ven_of": 576961873.08
  },
  "50": {
    "num_orders_x": 1404232.0,
    "venta": 377770237.96999997,
    "pre_venta": 415255376.81,
    "Ren": -37485138.84,
    "Vent_of": 158908507.6,
    "b_ven_of": 208082158.74
  },
  "51": {
    "num_orders_x": 2249169.0,
    "venta": 592462378.35,
    "pre_venta": 680389049.4,
    "Ren": -87926671.05,
    "Vent_of": 282154302.06,
    "b_ven_of": 382551980.74
  },
  "52": {
    "num_orders_x": 3125835.0,
    "venta": 809587305.74,
    "pre_venta": 909706208.43,
    "Ren": -100118902.69,
    "Vent_of": 305500669.46,
    "b_ven_of": 423266753.47
  },
  "53": {
    "num_orders_x": 1145963.0,
    "venta": 296262151.6,
    "pre_venta": 336612983.52,
    "Ren": -40350831.92,
    "Vent_of": 124665402.97,
    "b_ven_of": 171054583.9
  },
  "55": {
    "num_orders_x": 841246.0,
    "venta": 232481725.5,
    "pre_venta": 266124690.76,
    "Ren": -33642965.26,
    "Vent_of": 98480507.1,
    "b_ven_of": 137828371.66
  },
  "57": {
    "num_orders_x": 768013.0,
    "venta": 218009080.60999998,
    "pre_venta": 242788944.57,
    "Ren": -24779863.960000005,
    "Vent_of": 97330629.93,
    "b_ven_of": 130150699.11
  },
  "58": {
    "num_orders_x": 1015920.0,
    "venta": 276550216.74,
    "pre_venta": 310307246.66,
    "Ren": -33757029.92,
    "Vent_of": 137887644.54,
    "b_ven_of": 184051069.89
  },
  "59": {
    "num_orders_x": 1937221.0,
    "venta": 496591739.64,
    "pre_venta": 558105812.25,
    "Ren": -61514072.61,
    "Vent_of": 229238266.98,
    "b_ven_of": 304635733.95
  },
  "61": {
    "num_orders_x": 1214982.0,
    "venta": 335603193.8,
    "pre_venta": 374193997.92,
    "Ren": -38590804.12,
    "Vent_of": 141035245.52,
    "b_ven_of": 189755444.61
  },
  "64": {
    "num_orders_x": 999063.0,
    "venta": 261677107.34,
    "pre_venta": 286556242.96999997,
    "Ren": -24879135.629999995,
    "Vent_of": 110968256.26,
    "b_ven_of": 142583830.24
  },
  "65": {
    "num_orders_x": 1863630.0,
    "venta": 516305321.74,
    "pre_venta": 566444252.27,
    "Ren": -50138930.529999994,
    "Vent_of": 210325157.45,
    "b_ven_of": 276894895.12
  },
  "66": {
    "num_orders_x": 1669741.0,
    "venta": 451420858.77,
    "pre_venta": 497275989.57,
    "Ren": -45855130.8,
    "Vent_of": 156755510.23,
    "b_ven_of": 209152255.68
  },
  "67": {
    "num_orders_x": 2839493.0,
    "venta": 741400915.88,
    "pre_venta": 836384766.18,
    "Ren": -94983850.3,
    "Vent_of": 297811563.51,
    "b_ven_of": 406087006.83
  },
  "68": {
    "num_orders_x": 1144901.0,
    "venta": 318237219.82,
    "pre_venta": 349216587.94,
    "Ren": -30979368.119999994,
    "Vent_of": 113069913.93,
    "b_ven_of": 150013717.09
  },
  "72": {
    "num_orders_x": 1573788.0,
    "venta": 418762464.45,
    "pre_venta": 480289827.11,
    "Ren": -61527362.66,
    "Vent_of": 195409468.05,
    "b_ven_of": 264808553.85999998
  },
  "73": {
    "num_orders_x": 1069680.0,
    "venta": 297883579.09,
    "pre_venta": 330782841.85,
    "Ren": -32899262.76,
    "Vent_of": 140330253.41,
    "b_ven_of": 184424032.24
  },
  "74": {
    "num_orders_x": 691044.0,
    "venta": 196640244.68,
    "pre_venta": 215118817.59,
    "Ren": -18478572.910000004,
    "Vent_of": 74352664.82,
    "b_ven_of": 96520943.32000001
  },
  "75": {
    "num_orders_x": 1739081.0,
    "venta": 498518948.75,
    "pre_venta": 544104446.89,
    "Ren": -45585498.139999986,
    "Vent_of": 155474331.41,
    "b_ven_of": 209576449.48
  },
  "76": {
    "num_orders_x": 1168739.0,
    "venta": 308661321.04,
    "pre_venta": 350161762.07,
    "Ren": -41500441.03,
    "Vent_of": 97665803.02,
    "b_ven_of": 136470088.8
  },
  "77": {
    "num_orders_x": 844520.0,
    "venta": 221119273.28,
    "pre_venta": 245220317.93,
    "Ren": -24101044.650000002,
    "Vent_of": 101000768.14,
    "b_ven_of": 130156266.27
  },
  "80": {
    "num_orders_x": 1721200.0,
    "venta": 454295390.59,
    "pre_venta": 521303167.4,
    "Ren": -67007776.81000001,
    "Vent_of": 188138630.98,
    "b_ven_of": 261322329.89
  },
  "81": {
    "num_orders_x": 1139199.0,
    "venta": 309442657.13,
    "pre_venta": 338347792.25,
    "Ren": -28905135.12,
    "Vent_of": 131695044.3,
    "b_ven_of": 169412588.37
  },
  "83": {
    "num_orders_x": 1628964.0,
    "venta": 433760785.47,
    "pre_venta": 480570831.65999997,
    "Ren": -46810046.19,
    "Vent_of": 175543139.48,